ABISKO Ö ,AK
AGNESBERG ,AGB
AITIK ,AIK
ALBY ,AY
ALEHOLM ,AHM
ALGUTSGÅRDEN ,AGG
ALINGSÅS ,A
ALMEDAL ,AM
ALMNÄS ,ALÄ
ALNABRU ,XALG
ALVESTA ,AV
ALVHEM ,ALH
ALVÄNG ,AÄ
ANKARSRUM ,AKM
ANUNDSJÖ ,ANÖ
APTAS ,APT
ARBOGA ,ARB
ARBRÅ ,AB
ARLANDA C ,ARNC
ARLANDA N ,ARNN
ARLANDA NEDRE ,ARNE
ARLANDA S ,ARNS
ARLÖV ,AL
ARNEMARK ,AMK
ARNÄSVALL ,ARA
ARVIDSJAUR ,AJR
ARVIKA ,AR
ASPEÅ ,AP
ATTARP ,ATP
AVAFORS ,AVS
AVESTA KRYLBO ,AVKY
AXMARBY ,AX
BACKSJÖN ,BAÖ
BAGGETORP ,BT
BANKERYD ,BRY
BARKARBY ,BKB
BARVA ,BVA
BASTUTRÄSK ,BST
BENGTSFORS ,BEF
BENSJÖBACKEN ,BSB
BERGA ,BG
BERGEN ,XBRG
BERGFORS ,BFS
BERLIN HBF ,ZBLN
BILLEBERGA ,BIB
BILLESHOLM ,BIH
BILLINGSFORS ,BFO
BIRSTA ,BIA
BISKOPSTORP ,BTP
BISPGÅRDEN ,BSG
BJURHEM ,BJH
BJUV ,BJUV
BJÄRKA SÄBY ,BSÄ
BJÄSTA ,BJA
BJÖRBO ,BÖO
BJÖRKLIDEN ,BLN
BJÖRNA ,BJ
BJÖRNEBORG ,BJB
BJÖRNFJELL ,BJF
BJÖRNKULLA ,BJN
BJÖRNLUNDA ,B
BJÖRNSJÖ ,BJÖ
BLACKVRETEN ,BVR
BLOMSTERMÅLA ,BMA
BLÄDINGE ,BLD
BODA ,BODA
BODEN C ,BDN
BODEN S ,BDS
BODSJÖN ,BÖN
BOFORS ,BOF
BOHUS ,BHS
BOLLNÄS ,BN
BOMANSBERGET ,BOM
BOR ,BOR
BORLÄNGE C ,BLG
BORÅS C ,BS
BOXHOLM ,BX
BRATTBY ,BBY
BRATTBY ,BTB
BRATTHEDEN ,BRH
BRATTSBACKA ,BRS
BREDSJÖ ,BRÖ
BREDVIKEN ,BEN
BRISTA ,BRA
BRO ,BRO
BRO NYGÅRD ,BRNY
BRODDBO ,BDO
BROMÖLLA ,BML
BRUNFLO ,BF
BRUNNA ,BNA
BRYNGENÄS ,BGS
BRÄCKE ,BÄ
BRÄKNE-HOBY ,BHB
BRÄNNARP ,BP
BRÄNNBERG ,BRG
BRÄNNINGE ,BRE
BRÄNNLAND ,BRD
BRÅGARP ,BÅP
BRÅLANDA ,BRL
BUDDBYN ,BUD
BYVALLA ,BY
BÄCKEBRON ,BÄB
BÄCKEFORS ,BÄF
BÄLGVIKEN ,BGV
BÅLSTA ,BÅL
BÅSTAD N ,BÅN
CHARLOTTENBERG ,CG
DAGARN ,DN
DAGLÖSEN ,DGÖ
DALA-JÄRNA ,DJ
DALGRÄNSEN ,DGN
DALS LÅNGED ,DLD
DAMMSTORP ,DAT
DANNEMORA ,DMA
DEGERBÄCKEN ,DBN
DEGERFORS ,DG
DEGERMYR ,DGM
DEGERÖN ,D
DINGLE ,DL
DINGTUNA ,DT
DIÖ ,DIÖ
DOCKMYR ,DK
DOROTEA ,DTA
DRAMMEN ,XDRM
DROGDEN ,ZDRO
DRÖMME ,DÖE
DUVBO ,DUO
DUVED ,DU
DYNÄS ,DNS
DYSJÖN ,DY
DÅNVIKEN ,DÅN
DÖLJEBRO ,DÖL
ED ,ED
EDANE ,EN
EDSVALLA ,EL
EKEBY ,EBY
EKOLSUND ,EKO
EKSJÖ ,EK
EKTRÄSK ,ETK
ELDSBERGA ,EA
EMMABODA ,EM
ENAFORS ,ENS
ENERYDA ,ERA
ENKÖPING ,EP
ENSTABERGA ,EBG
ERIKSLUND ,EI
ERIKSTAD ,ERK
ERVALLA ,ER
ESKILSTUNA C ,ET
ESLÖV ,E
FAGERSTA C ,FGC
FALERUM ,FAL
FALKENBERG ,FAB
FALKENBERG GBG ,FABG
FALKENBERG PBG ,FABP
FALKÖPING C ,F
FALUN C ,FLN
FARSTA STRAND ,FAS
FELLINGSBRO ,FEB
FILIPSTAD ,FID
FINJA ,FIN
FINNERÖDJA ,FA
FINNFORSFALLET ,FFS
FINSPÅNG ,FG
FISKEBY ,FI
FJÄLKINGE ,FKI
FJÄLLÅSEN ,FJÅ
FLACKARP ,FLP
FLEMINGSBERG ,FLB
FLEN ,FLE
FLENS ÖVRE ,FSÖ
FLISBY ,FLS
FLISKÄR ,FÄR
FLOBY ,FBY
FLODA ,FD
FLUNBO ,FLU
FLÄDIE ,FL
FOLKESTA ,FOK
FORS ,FS
FORSBACKA ,FB
FORSERUM ,FM
FORSHEDA ,FOD
FORSHEM ,FHM
FORSMO ,FSM
FOSIEBY ,FSB
FREDRIKSLUND ,FRE
FRILLESÅS ,FÅ
FRINNARYD ,FRD
FRISTAD ,FRA
FRÄNDEFORS ,FDF
FRÄNSTA ,FT
FRÅNÖ ,FNÖ
FRÖVI ,FV
FURET ,FUR
FURUDAL ,FDA
FURUVIK S ,FVKS
FÅGELSJÖ ,FEÖ
FÅGELSTA ,FGL
FÅKER ,FKR
FÅNGSJÖBACKEN ,FGÖ
G-KVILLE ,GK
G-MARIEHOLM ,GBM
G-SKANDIAHAMNEN ,GSH
G-SÄVENÄS ,GSV
G-VOLVO ,GVO
GAGNEF ,GNF
GAMLARP ,GMP
GAMLEBY ,GAL
GAMMELSTAD ,GST
GANTOFTA ,GAN
GARNUDDEN ,GAU
GARSÅS ,GSÅ
GASTSJÖN ,GSN
GEILO ,XGLO
GEMLA ,GM
GENEVAD ,GND
GETÅ ,GTÅ
GIDEÅBACKA ,GIA
GIMO ,GMO
GIMONÄS ,GIM
GIMONÄS ,GIMB
GIMONÄS ,GIMO
GISTAD ,GI
GNARP ,GNP
GNESTA ,GN
GNOSJÖ ,GNÖ
GODEGÅRD ,GO
GOL ,XGOL
GOTTNE ,GE
GRANINGE ,GA
GRANSJÖ ,GRS
GRANSTANDA ,GAD
GREVARYD ,GRD
GREVIE ,GVE
GRILLBY ,GIB
GRIMSTORP ,GT
GRIPENBERG ,GP
GRUMS ,GMS
GRUNDBRO ,GRU
GRYCKSBO ,GYO
GRÄNGESBERG C ,GG
GRÄNGESBERG MBG ,GGM
GRÄSBERG ,GÄG
GRÄSTORP ,GOP
GRÖNÅSEN ,GNÅ
GRÖTINGEN ,GRÖ
GUBBERO ,GRO
GUDÅ ,XGU
GULA HUSET ,GHU
GULLTRÄSK ,GLT
GUSSI ,GUI
GUSTAFS ,GTF
GÄDDMYR ,GY
GÄLLIVARE ,GV
GÄLLÖ ,GÖ
GÄRSNÄS ,GSS
GÄVLE C ,GÄ
GÄVLE GBG ,GÄB
GÅLNÄS ,GÅN
GÅNGBRON ,GÅ
GÅRDSJÖ ,GDÖ
GÅVETORP ,GÅP
GÖTEBORG C ,G
GÖTEBORG N ,GB
HABO ,HO
HAGALUND ,HGL
HAGASTRÖM ,HG
HALDEN ,XHLD
HALLSBERG PBG ,HPBG
HALLSBERG RBG ,HRBG
HALLSTAHAMMAR ,HH
HALLSTAVIK ,HAK
HALMSTAD C ,HD
HALMSTAD RBG ,HDR
HAMBURG HBF ,ZHMB
HAMRA ,HAA
HAMRÅNGEFJÄRDEN ,HFJ
HANASKOG ,HSK
HANDEN ,HND
HAPARANDA ,HP
HARASJÖN ,HAN
HARGSHAMN ,HRM
HARMÅNGER ,HÅG
HARRTRÄSK ,HRT
HARRÅ ,HAR
HASSELFORS ,HS
HASSLARP ,HLP
HEBERG ,HE
HEDEMORA ,HDM
HEDNORET ,HT
HELGOLAND ,ZHGL
HELGUM ,HLM
HELL ,XHEL
HELLERUP ,ZHL
HELSINGBORG C ,HB
HELSINGBORG GBG ,HBGB
HELSINGÖR ,ZHG
HEMFOSA ,HFA
HENNAN ,HNN
HERRLJUNGA ,HR
HESTRA ,HET
HILLARED ,HIL
HILLEBY ,HLY
HILLERSTORP ,HTO
HINDÅS ,HÅS
HINSNORET ,HNO
HJULSBRO ,HJ
HJÄLTEVAD ,HVD
HOFORS ,HFR
HOLMFORS ,HFS
HOLMSJÖ ,HMÖ
HOLMSUND ,HOD
HOLMSVEDEN ,HDN
HOLMÅN ,HOÅ
HORNDAL ,HL
HORRED ,HRE
HOTING ,HTG
HOVA ,HOVA
HOVMANTORP ,HVP
HOVSTA ,HSA
HUDDINGE ,HU
HUDIKSVALL ,HKL
HULTSFRED ,HF
HULTSFRED SMALSPÅR ,HFP
HUSKVARNA ,HKA
HUSSJÖBY ,HSY
HUSUM ,HUM
HUSUM N ,HUMN
HUVUDSTA ,HUV
HYLLIE ,HIE
HYLLSTOFTA ,HYL
HYLTEBRUK ,HYB
HÄGGSJÖN ,HÄG
HÄGGSJÖN ,HÄN
HÄGGVIK ,HGV
HÄLLEFORS ,HLF
HÄLLEFORSNÄS ,HNÄ
HÄLLENYLAND ,HNL
HÄLLNÄS ,HLS
HÄLSINGENYBO ,HNB
HÄMRASVIKEN ,HÄB
HÄRAD ,HÄD
HÄRNÖSAND ,HSD
HÄRRYDA ,HÄY
HÄSSLEHOLM ,HM
HÄSTBO ,HÄ
HÄSTVEDA ,HV
HÅKANTORP ,HÅP
HÅLLSTA ,HÅL
HÅMOJÅKK ,HÅK
HÅSJÖ ,HÅ
HÖGBODA ,HBD
HÖGBRÄNNA ,HBÄ
HÖGBYSJÖN ,HÖG
HÖGDALEN ,HÖN
HÖGSJÖ ,HGÖ
HÖKMORA ,HMA
HÖLÖ ,HLÖ
HÖNEFOSS ,XHFS
HÖRNSJÖ ,HSÖ
HÖSSJÖN ,HÖS
HÖÖR ,HÖ
IGGESUND ,ID
INSJÖN ,IN
ISÄTRA ,IST
JAKOBSBERG ,JKB
JOHANNISBERG ,JBG
JOKKMOKK ,JK
JONSERED Ö ,J
JORDBRO ,JBO
JORDHOLMEN ,JH
JULARBO ,JU
JUÅN ,JÅ
JÄDERSBRUK ,JBK
JÄMTLANDS SIKÅS ,JS
JÄRBO ,JB
JÄRLEBO ,JLO
JÄRLÅSA ,JLA
JÄRNA ,JN
JÄRNETRÄSK ,JNT
JÄRPEN ,JPN
JÄRPÅS ,JPS
JÄRVSÖ ,JR
JÖNKÖPING C ,JÖ
JÖNKÖPING GBG ,JÖGB
JÖNÅKER ,JÅR
JÖRN ,JRN
KAISEPAKTE ,KPE
KALIXFORS ,KX
KALLHÄLL ,KHÄ
KALMAR C ,KAC
KALMAR S ,KAS
KALVEBOD ,ZKLV
KARBENNING ,KBN
KARLBERG ,KE
KARLSBERG ,KSG
KARLSBORG ,KBG
KARLSBORGSBRUK ,KBB
KARLSHAMN ,KH
KARLSKRONA C ,CK
KARLSTAD C ,KS
KARLSTAD VÄLSVIKEN ,KVÄ
KARPALUND ,KAP
KARSBÄCKEN ,KRB
KARSJÖ ,KSÖ
KARUNGI ,KRI
KASTRUP ,ZCPH
KATRINEHOLM C ,K
KATTARP ,KA
KATTERAT ,XKAT
KATTISTRÄSK ,KAÄ
KIL ,KIL
KILAFORS ,KLS
KILSMO ,KM
KILVO ,KLV
KIMSTAD ,KMS
KIRUNA C ,KRA
KIRUNA MBG ,KMB
KISA ,KISA
KISTINGE ,KST
KJULA ,KJU
KLAMPENBORG ,ZKL
KLENSHYTTAN ,KHY
KLEVSHULT ,KVH
KLIPPAN ,KL
KNIVSTA ,KN
KODE ,KDE
KOIJUVAARA ,KAA
KOLBÄCK ,KBÄ
KOLER ,KLR
KOLFORSEN ,KFN
KOLKE ,KOE
KOLMÅRDEN ,KON
KONGSVINGER ,XKVG
KOPPARBERG ,KPG
KOPPARÅSEN ,KÅ
KOPPERÅ ,XKPR
KORNSJÖ ,KO
KORSNÄS ,KOÄ
KORSTRÄSK ,KTÄ
KOSKIVAARA ,KVA
KOSKULLSKULLE ,KOS
KRAMFORS ,KRF
KRAMPEN ,KRN
KRISTIANSTAD C ,CR
KRISTIANSTAD GBG ,CRGB
KRISTINEHAMN ,KHN
KROKVIK ,KV
KUMLA ,KLA
KUMMELBY ,KMY
KUNGSBACKA ,KB
KUNGSGÅRDEN ,KGD
KUNGSÄNGEN ,KÄN
KUNGSÖR ,KÖR
KVICKSUND ,KSU
KVIDINGE ,KVI
KVILLSFORS ,KVF
KÄLARNE ,KLN
KÄLLERYD ,KÄ
KÄLVATTNET ,KÄV
KÄRREBERGA ,KÄB
KÄVLINGE ,KG
KÅBDALIS ,KÅB
KÅLLERED ,KRD
KÖBENHAVN ,ZKH
KÖNSA ,KÖA
KÖPING ,KP
KÖPINGEBRO ,KÖP
KÖPMANNEBRO ,KPM
LADUBERG ,LRG
LAHOLM V ,LAOV
LAKATRÄSK ,LKÄ
LANDERYD ,LRD
LANDSKRONA GBG ,LKGB
LANDSKRONA Ö ,LKÖ
LAPPBERG ,LAB
LAXÅ ,LÅ
LEDSGÅRD ,LGD
LEKAREKULLE ,LEK
LEKSAND ,LSD
LEKSBODA ,LEA
LEMMESTRÖ ,LMM
LERNACKEN ,LNK
LERUM ,LR
LESSEBO ,LO
LIDKÖPING ,LKP
LIDLUND ,LDL
LIDNÄS ,LNS
LILLA EDET ,LET
LILLESTRÖM ,XLLS
LIMMARED ,LME
LINAÄLV ,LIN
LINDDALEN ,LLN
LINDEKULLEN ,LKN
LINDESBERG ,LD
LINDFORS ,LF
LINDOME ,LDO
LINGHEM ,LGM
LINKÖPING C ,LP
LIT ,LIT
LJUNG ,LJU
LJUNGBY ,L
LJUNGSKILE ,LJ
LJUSDAL ,LS
LJUSÅ ,LSÅ
LOCKARP ,LRP
LOMSELENÄS ,LMS
LOSESJÖN ,LSN
LOSTER ,LTR
LOTTEFORS ,LOT
LUBBOTRÄSK ,LUÄ
LUDVIKA ,LA
LULEÅ C ,LE
LUND C ,LU
LUNDBY ,LUB
LYCKSELE ,LY
LYRESTAD ,LYD
LYSEKIL ,LYS
LYSVIK ,LYV
LÄGGESTA ,LG
LÄSTRINGE ,LRE
LÅNGSELE ,LSL
LÅNGSJÖN ,LSJ
LÅNGTRÄSK ,LTK
LÅNGVATTNET ,LNV
LÅNGVIKSMON ,LMN
LÖNSBODA ,LÖO
LÖRSTRAND ,LÖ
LÖTEN ,LTN
MAGNOR ,XMAG
MAJ ,MAJ
MALMBY ,MBY
MALMBÄCK ,MBÄ
MALMSJÖ ,MSJ
MALMÖ C ,M
MALMÖ GBG ,MGB
MALUNG ,MLG
MANTORP ,MT
MARIA ,MIA
MARIANNELUND ,MND
MARIEDAMM ,MDM
MARIESTAD ,MST
MARKARYD ,MRD
MARMA ,MRM
MARMAVERKEN ,ME
MEDSKOGSHEDEN ,MSN
MELLANSEL ,MSL
MELLANSJÖ ,MSÖ
MELLBY ,MLB
MELLERUD ,ML
MELLÖSA ,MLÖ
MESELEFORS ,MLF
MJÖLBY ,MY
MO GRINDAR ,MOG
MOCKFJÄRD ,MFJ
MOHEDA ,MO
MOHOLM ,MH
MOLKOM ,MKO
MORA ,MRA
MORADAL ,MDL
MORGONGÅVA ,MÅ
MORJÄRV ,MJV
MORSHYTTAN ,MRS
MOSKOSEL ,MOS
MOSSELUND ,MUD
MOSÅS ,MS
MOTALA ,MOT
MULLSJÖ ,MU
MUNKEDAL ,MKL
MUNKTORP ,MORP
MURJEK ,MK
MYRA ,MYRA
MYRBACKEN ,MYN
MYRDAL ,XMYR
MYRHEDEN ,MHN
MÄRBÄCK ,MÄK
MÄRSTA ,MR
MÅNSARP ,MÅP
MÖLNBO ,MÖ
MÖLNDALS NEDRE ,MDN
MÖLNDALS ÖVRE ,MDÖ
MÖLNLYCKE ,MYK
MÖNSTERÅS ,MSS
MÖRARP ,MÖR
MÖRLUNDA ,MÖA
MÖRRUM ,MRU
MÖRSIL ,MI
MÖRTSAL ,MÖL
N BANTORGET ,NBT
N SUNDERBYN ,SBY
N VALBO ,NVL
NARVIK ,XNK
NATTAVAARA ,NTV
NEDANSJÖ ,NSÖ
NELHAMMAR ,NL
NIEMISEL ,NML
NIVÅ ,ZNI
NOL ,NOL
NORDMALING ,NOG
NORRFORS ,NRS
NORRHÖG ,NG
NORRKÖPING C ,NR
NORRMJÖLE ,NOE
NORRSJÖN ,NON
NORRSUNDET ,NDT
NORSESUND V ,NDV
NOTVIKEN ,NVN
NUORTIKON ,NRT
NYBRO ,NYB
NYBYBRUK ,NBR
NYCKELSJÖN ,NSJ
NYFORS ,NYF
NYGÅRD ,NYG
NYHEM ,NY
NYKROPPA ,NKA
NYKVARN ,NKV
NYKÖPING C ,NK
NYKÖPING S ,NKS
NYLAND ,NLD
NYNÄSHAMN ,NYH
NYNÄSHAMN FÄRJETERM ,NFT
NYÅKER ,NYÅ
NÄSBERG ,NB
NÄSSJÖ C ,N
NÄTTRABY ,NÄT
NÄVERKÄRRET ,NKT
OCKELBO ,OB
ODENSE ,ZOD
OLOFSTRÖM ,OF
OLSKROKEN ,OR
OPE ,OPE
ORNÄS ,ORN
ORRSKOG ,OS
ORSA ,ORS
OSBY ,O
OSKARSHAMN ,OH
OSKARSTRÖM ,OM
OSLO ,XOSL
OSLÄTTFORS ,OSL
OVANSJÖ ,OSÖ
OXELÖSUND ,OXD
OXMYRAN ,OXM
PARTILLE ,P
PEBERHOLM ,PHM
PERSTORP ,PT
PILGRIMSTAD ,PL
PITEÅ ,PTÅ
POLCIRKELN ,PC
PORJUS ,PJ
PÅARP ,PÅA
PÅLSBODA ,PÅ
PÖLSEBO ,PÖB
RAGUNDA ,RU
RALINGSÅS ,RAS
RAMSJÖ ,RSÖ
RANHEIM ,XRHM
RANSTA ,RT
RAUTAS ,RUT
REFTELE ,RFT
REGUMATORP ,RMTP
REKARNE ,RKE
RENSJÖN ,RSN
REPBÄCKEN ,RBÄ
RIMFORSA ,RF
RIPATS ,RPS
ROBACK ,ROB
ROMBAKK ,XROM
RONNEBY ,RB
ROSERSBERG ,RS
ROSSHYTTAN ,RY
ROSSÖN ,ROS
ROTEBRO ,R
ROTTNEROS ,RTS
RUNDVIK ,RUK
RUNGSTED KYST ,ZRU
RYDAHOLM ,RYM
RYDSGÅRD ,RDG
RYGGEN ,RYG
RYNGE ,RYE
RYR ,RYR
RYSSJÖBRINK ,RYB
RÄLLSÅ ,RLÅ
RÄMSHYTTAN ,RMH
RÄPPE ,RÄP
RÄTTVIK ,RV
RÄVLANDA ,RD
RÅGÖN ,RÅÖ
RÅSKOGEN ,RÅS
RÅTSI ,RSI
RÖDBERG ,RÖ
RÖNNESHYTTA ,RH
RÖRVIK ,RK
RÖSTBO ,RBO
SALA ,SL
SALSTA ,SAS
SALUBÖLE ,SBE
SAMNAN ,SAM
SANDARED ,SAE
SANDBÄCK ,SAK
SANDHEM ,SM
SANDTRÄSK ,STÄ
SANDVIKEN ,SNV
SARPSBORG ,XSBO
SASSNITZ F ,ZSZF
SEGERSÄNG ,SSÄ
SEGMON ,SGM
SELLNÄS ,SLNÄ
SELSJÖN ,SLJ
SIKTRÄSK ,STK
SILINGE ,SII
SIMEÅ ,SMÅ
SIMONSTORP ,SMT
SIMRISHAMN ,SI
SINGSÅN ,SNGÅ
SJÖSA ,SSA
SKATTKÄRR ,SRR
SKAVSTABY ,SKBY
SKEBOKVARN ,SKV
SKEE ,SKE
SKELLEFTEHAMN ÖVRE ,SÖV
SKELLEFTEÅ ,SKL
SKENE ,SEE
SKILLINGARYD ,SYD
SKINNSKATTEBERG ,SKB
SKODSBORG ,ZSÅ
SKOGHALL ,SKOG
SKOGN ,XSGN
SKOGSTORP ,SKRP
SKOGÅS ,SKG
SKORPED ,SOP
SKURUP ,SRP
SKUTSKÄR N ,SURN
SKYMOSSEN ,SKMS
SKYTTS VEMMERLÖV ,SVÖ
SKÄLEBOL ,SKBL
SKÄNNINGE ,SKN
SKÄRPAN ,SÄP
SKÄSTRA ,SKÄ
SKÅRE ,SKR
SKÖLDINGE ,SDE
SKÖVDE C ,SK
SLAGNÄS ,SGÄ
SLÄTTE ,SLE
SMEDJEBACKEN ,SMJ
SMÅL BURSERYD ,SMU
SMÅLANDSSTENAR ,SDR
SNEKKERSTEN ,ZSQ
SNICKARBO ,SNB
SNYTEN ,SNT
SOLLEFTEÅ ,STÅ
SOLNA ,SO
SOLUM ,SLM
SOMMEN ,SMN
SORSELE ,SRS
SPANNARBODA ,SBA
SPARREHOLM ,SP
SPJUTSBYGD ,SPJ
SPRÄNGSVIKEN ,SPK
SPÅNGA ,SPÅ
STAVRE ,STV
STAVREVIKEN ,SEN
STEHAG ,SG
STENBACKEN ,SBK
STENSTORP ,SS
STENUNGSUND ,SNU
STJÄRNHOV ,SH
STOCKARYD ,SY
STOCKHOLM C ,CST
STOCKHOLM N ,NST
STOCKHOLM S ,SST
STOLPSTUGAN ,SPN
STORA DEGERSJÖN ,SRD
STORA HÖGA ,STH
STORA TUNA ,SAU
STORBLÅLIDEN ,SBI
STORDALEN ,SOA
STORFLON ,SFN
STORFORS ,SF
STORLIEN ,STR
STORMYRAN ,SOM
STORSUND ,STS
STORTRÄSK ,STO
STORUMAN ,SUM
STORVIK ,SV
STORVRETA ,SRV
STORÅ ,SR
STRAUMSNES ,XSMS
STRÄNGNÄS ,SGS
STRÅNGSJÖ ,STÖ
STRÖMSBRO ,SMO
STRÖMSHOLM ,SSH
STRÖMSNÄSBRUK ,SBU
STRÖMSTAD ,SMD
STRÖMTORP ,SRT
STUGSUND ,STU
STÄLLDALEN ,STL
STÖCKE ,SÖK
STÖDE ,STD
SUNDBYBERG ,SUB
SUNDERBY SJUKHUS ,SUS
SUNDSVALL C ,SUC
SUNNE ,SUN
SUNNÄSBRUK ,SÄU
SURAHAMMAR ,SHR
SURTE ,SUE
SVAPPAVAARA ,SVV
SVARTVIK ,SIK
SVARTÅ ,SVÅ
SVEDALA ,SEA
SVEDJE ,SVJ
SVEG ,S
SVENSHÖGEN ,SVG
SVENSTAVIK ,SVK
SVÅGERTORP ,STP
SÄBY ,SÄY
SÄFFLE ,SFL
SÄLLINGE ,SLG
SÄTER ,ST
SÄVAST ,SVT
SÄVE ,SVE
SÄVEDALEN ,SEL
SÄVENÄS LOKSTN ,SÄVL
SÄVENÄS RBG ,SÄR
SÖDERBY ,SÖDY
SÖDERBÄRKE ,SRE
SÖDERHAMN ,SHM
SÖDERHAMN V ,SHV
SÖDERTÄLJE CENTRUM ,SÖC
SÖDERTÄLJE HAMN ,SÖD
SÖDERTÄLJE SYD ÖVRE ,SÖÖ
SÖDERTÄLJE UTH ,SEU
SÖLVESBORG ,SÖG
TALLÅSEN ,TL
TANUM ,TNU
TECKOMATORP ,TP
TENHULT ,TH
TIBRO ,TBR
TIERP ,TIP
TILLBERGA ,TB
TIMRÅ ,TRÅ
TJÖRNARP ,TÖ
TOBO ,TBO
TOLIKBERGET ,TET
TOMELILLA ,TLI
TOMTEBODA ,TM
TORBACKEN ,TBN
TOREBO ,TEO
TORESTA ,TOT
TORNETRÄSK ,TNK
TORNEÅ ,TOR
TORNHILL ,THL
TORPSHAMMAR ,TO
TORSBY ,TOY
TORSÅKER ,TSÅ
TORTUNA ,TTU
TORUP ,TOU
TOTEBO ,TOB
TRANÅS ,TNS
TRARYD ,TRD
TREHÖRNINGSJÖ ,THÖ
TRELLEBORG ,TRG
TROLLHÄTTAN ,THN
TRONDHEIM ,XTND
TRÄSKHOLM ,THM
TRÅNGSVIKEN ,TÅV
TRÖDJE ,TDJ
TUMBA ,TU
TUNA ,TNA
TUNADAL ,TUD
TUNGELSTA ,TS
TUNNEBY ,TUN
TURKIET ,TKT
TVÄRÅBÄCK ,TVB
TVÄRÅLUND ,TVÄ
TYLLERED ,TYE
TYRINGE ,TY
TYSTBERGA ,TBA
TÄLLBERG ,TLG
TÄLLE ,TÄL
TÅGARP ,TGP
TÅGSJÖBERG ,TSG
TÖREBODA ,T
TÖSSE ,TÖE
TÖVA ,TÖV
UDDEVALLA C ,UV
ULRIKSDAL ,UDL
ULRIKSFORS ,UF
ULVSHYTTAN ,ULY
ULVSTORP ,UTP
UMEÅ C ,UÅ
UMEÅ GBG ,UÅGB
UMEÅ Ö ,UÅÖ
UMEÅ Ö ,UÅÖB
UNDERSÅKER ,UN
UPPHÄRAD ,UPH
UPPLANDS VÄSBY ,UPV
UPPSALA C ,U
UPPSALA N ,UNA
UTSIKTEN ,UTS
V TORUP ,VTO
VAGGERYD ,VGD
VAGNHÄRAD ,VHD
VALLSTA ,VL
VALLVIK ,VV
VALLÅKRA ,VÅK
VALSKOG ,VSG
VANSBRO ,VO
VARA ,VAA
VARBERG ,VB
VARGÖN ,VAG
VARTOFTA ,VF
VASSIJAURE ,VJ
VATTJOM ,VM
VEDA ,VDA
VEDDIGE ,VDI
VEDEVÅG ,VDV
VEDUM ,VED
VEGEHOLM ,VH
VEJBYSLÄTT ,VBT
VEKERUM ,VRU
VELANDA ,VEA
VENA ,VENA
VERKEBÄCK ,VBÄ
VETLANDA ,VTA
VIA ,VIA
VIKA ,VKA
VIKINGSTAD ,VSD
VIKMANSHYTTAN ,VHY
VILHELMINA ,VMA
VIMMERBY ,VIB
VIMNARP ,VIM
VINDELN ,VDN
VINGÅKER ,VR
VINSLÖV ,VÖV
VIRESJÖ ,VSÖ
VIRSBO ,VSO
VISKAFORS ,VFO
VISKAN ,VISK
VISLANDA ,VS
VISSEFJÄRDA ,VFA
VITVATTNET ,VTV
VOJMÅN ,VJM
VOSS ,XVOS
VRENA ,VRE
VRETSTORP ,VT
VÄNERSBORG C ,VG
VÄNNÄS ,VNS
VÄRING ,VÄ
VÄRMLANDS BRO ,VDB
VÄRNAMO ,V
VÄRTAN ,VN
VÄRÖ ,VRÖ
VÄSE ,VE
VÄSTERASPBY ,VÄY
VÄSTERASPBY ,VÄYB
VÄSTERHANINGE ,VHE
VÄSTERVIK ,VK
VÄSTERÅS C ,VÅ
VÄSTERÅS N ,VÅN
VÄSTERÅS V ,VÅV
VÄXJÖ ,VÖ
VÅRGÅRDA ,VGÅ
YSTAD ,Y
YTTERBY ,YB
YTTERHOGDAL ,YL
YTTERSJÖN ,YÖ
ÄLEKÄRR ,ÄLR
ÄLGARÅS ,ÄL
ÄLMHULT ,ÄH
ÄLVHO ,ÄLO
ÄLVSBYN ,ÄY
ÄLVSJÖ ,ÄS
ÄLVSJÖ GBG ,ÄSG
ÄLVÄNGEN ,ÄN
ÄNG ,ÄNG
ÄNGELHOLM ,Ä
ÄNGELSBERG ,ÄBG
ÄNGERSJÖ ,ÄNÖ
ÅBY ,ÅBY
ÅDALSLIDEN ,ÅD
ÅHUS ,ÅHUS
ÅKARP N ,ÅKN
ÅKERS STYCKEBRUK ,ÅKS
ÅL ,XÅL
ÅLBERGA ,ÅBA
ÅLSÄNG ,ÅLG
ÅMOTFORS ,ÅT
ÅMÅL ,ÅL
ÅNGE ,ÅG
ÅNGE GBG ,ÅGGB
ÅNGEBYN ,ÅGY
ÅNIMSKOG ,ÅNM
ÅNN ,ÅNN
ÅRE ,ÅRE
ÅRNES ,XÅRN
ÅRSKOGEN ,ÅKG
ÅRSTABERG ,ÅBE
ÅSARNA ,ÅSN
ÅSBRO ,Å
ÅSEDA ,ÅA
ÅSENSBRUK ,ÅB
ÅSHAMMAR ,ÅH
ÅSTORP ,ÅP
ÅSTRÄSK ,ÅST
ÅTVIDABERG ,ÅVG
ÅÄNGE ,ÅÄ
ÖDÅKRA ,ÖDA
ÖKNA ,ÖA
ÖLME ,ÖL
ÖNASKOGEN ,ÖNA
ÖNNESTAD ,ÖND
ÖRABÄCKEN ,ÖBN
ÖRBYHUS ,ÖH
ÖRE ÄLV ,ÖÄ
ÖREBRO C ,ÖR
ÖRNSKÖLDSVIK C ,ÖK
ÖRNSKÖLDSVIK N ,ÖKN
ÖRTOFTA ,Ö
ÖSMO ,ÖSO
ÖSTANSJÖ ,ÖJ
ÖSTAVALL ,ÖV
ÖSTERALNÖ ,ÖAL
ÖSTERPORT ,ZKK
ÖSTERSUND C ,ÖS
ÖSTERTÄLJE ,ÖTE
ÖSTERVÄRN ,ÖVN
ÖSTERÅS ,ÖSÅ
ÖVERUM ,ÖVM
ÖVSJÖ ,ÖVÖ
ÖXNERED ,ÖX
